ID,A1,A2,A3,A4,B1,B2,B3,B4,B5,C1,C2,Total Score,Fluency,Originality,Flexibility
161,18,3,6,2,0,3,0,0,0.6667,0.1661,2,1,0,0.333,0.667
166,464,15,132,5,22,57,9,1244.237462,0.9333,0.4787,7,6.333,2,2.333,2
169,93,6,12,1,3,8,4,181.2758535,0.3333,0.0950,0,0.667,0.333,0.333,0
173,600,14,126,4,46,59,3,3.168657677,1.0000,0.7056,10,5,2,1,2
174,529,17,98,2,29,34,4,4.079144447,0.5294,0.2993,11,5.333,2,2,1.333
175,600,17,217,1,17,7,4,131.2509784,0.0000,0.0433,3,2.667,1.333,0.667,0.667
178,442,17,59,9,39,38,13,996.2742181,1.0000,0.6300,19,6.667,2.333,2,2.333
180,274,10,42,5,11,14,17,988.3224644,1.0000,0.3246,5,4.667,1.333,1.333,2
182,280,5,44,3,8,29,14,936.7867854,1.0000,0.3750,10,3,1,1.333,0.667
183,584,16,127,4,58,52,24,842.9633099,1.0000,0.4222,25,4.667,2,1,1.667
186,600,3,75,1,16,32,12,363.3229714,0.0000,0.0308,2,3,1,0.667,1.333
187,563,13,46,4,40,27,13,656.2936057,0.9231,0.1587,11,3,1,1,1
188,534,25,168,5,39,83,8,890.812963,0.8800,0.3221,5,6,2.667,1,2.333
190,591,18,112,3,68,52,9,351.0283051,0.5556,0.3250,15,6,2,2.333,1.667
191,54,3,10,1,0,8,0,0,1.0000,0.0662,1,0.333,0,0.333,0
192,495,13,67,2,23,40,21,445.7577385,1.0000,0.1713,8,3.667,1.333,1.333,1
196,230,8,50,3,10,10,0,0,0.6250,0.1201,2,2.333,1,0.333,1
198,599,24,117,8,46,83,20,1318.38138,0.8333,0.5222,33,7.333,2.667,2,2.667
200,454,6,90,1,4,83,7,100.2751717,1.0000,0.0904,4,1.333,0,1,0.333
201,248,10,33,3,11,29,9,894.1929322,0.9000,0.2229,13,3.333,1.333,1,1
204,586,15,158,2,23,76,7,3.781378556,1.0000,0.1955,27,3.667,1.667,1,1
205,232,6,30,3,3,12,5,5.764380199,0.6667,0.1926,7,3,1,1,1
207,262,14,96,1,11,33,0,0,0.8571,0.4393,16,5,1.667,2,1.333
208,36,4,8,1,3,3,0,0,0.0000,0.0189,0,0,0,0,0
210,326,13,74,8,13,24,18,576.3235825,0.7692,0.4007,6,7,2.667,2.333,2
218,424,13,64,3,26,26,3,59.36952223,1.0000,0.4243,9,6,2,2,2
226,107,7,24,2,5,8,0,0,0.5714,0.1596,1,4.333,0.667,2,1.667
230,316,13,60,6,14,79,2,3.213803375,0.8462,0.7700,6,6,2.667,1.333,2
231,119,6,24,1,3,18,4,364.1997741,0.8333,0.1165,4,2.667,0.333,1,1.333
233,303,16,40,3,23,16,10,782.2827883,0.5000,0.1331,11,7,2,2.667,2.333
234,511,14,61,4,34,45,18,383.776831,0.8571,0.1639,12,2.333,1,0.333,1
257,600,6,88,5,15,34,0,0,0.6667,0.3094,4,2,1,0,1
259,75,3,9,1,1,5,0,0,0.3333,0.0633,2,1.333,0,0.667,0.667
260,598,17,104,7,27,36,26,1561.299376,0.9412,0.3322,9,6.667,2,2.333,2.333
262,20,3,5,1,0,0,0,0,0.0000,0.0216,1,2.333,0.333,1.333,0.667
263,248,14,41,5,17,33,9,98.53455912,0.9286,0.2350,19,6.333,1.333,2.333,2.667
265,562,20,67,9,39,34,8,1239.398607,1.0000,0.5346,45,8,3,3,2
266,440,11,46,4,88,20,17,883.3002988,0.7273,0.4386,11,5.667,1.667,1.667,2.333
267,273,14,64,3,11,48,1,179.2151754,0.7143,0.2890,8,6,1.667,2.333,2
268,62,4,9,4,2,5,0,0,1.0000,0.2112,3,3.333,0.667,1.333,1.333
269,265,7,40,4,8,5,25,513.6900889,0.8571,0.2460,6,3.333,1,1,1.333
271,542,11,52,3,13,16,10,67.86731879,1.0000,0.5458,20,4.667,1.667,1.667,1.333
272,546,7,90,4,39,22,50,1601.396832,0.8571,0.1452,3,5,1,2.333,1.667
273,138,7,19,2,5,5,6,450.9345024,1.0000,0.0880,11,3,0.667,1,1.333
274,233,4,28,3,4,26,0,0,1.0000,0.1680,4,2.667,0.333,1,1.333
275,135,4,15,4,1,11,0,0,1.0000,0.4620,1,1.667,0.333,0.333,1
276,239,10,46,1,7,21,3,127.4026824,0.6000,0.4341,5,5.667,1.333,2.333,2
278,268,7,62,6,11,16,6,481.6573561,0.7143,0.3816,5,5,1.667,2,1.333
279,49,4,7,3,2,5,2,5.534133994,0.7500,0.1270,1,0.667,0,0,0.667
280,497,12,107,5,15,20,20,333.962943,0.9167,0.5392,2,5.333,1.667,1.333,2.333
281,197,5,34,3,5,15,14,1183.688981,1.0000,0.3640,2,3,0.667,1,1.333
282,314,14,65,4,21,16,7,8.451807644,0.7857,0.4826,9,8,2.667,2.667,2.667
285,125,4,32,1,5,17,3,185.6590282,0.7500,0.1364,7,1.667,0,1,0.667
286,600,12,185,2,30,62,31,1201.373863,0.5000,0.1351,6,6,1.667,2.333,2
288,271,9,43,4,7,36,0,0,0.8889,0.1837,6,7,2,2.333,2.667
289,235,4,27,1,7,6,18,1963.151567,0.7500,0.1498,1,0.667,0,0,0.667
291,514,13,88,4,35,42,21,527.80105,1.0000,0.2215,8,6,2,1.667,2.333
294,242,13,40,2,16,15,18,1383.09587,0.7692,0.2469,10,2.667,1,0.667,1
295,437,10,59,1,25,21,10,435.3070212,0.8000,0.2794,9,4.333,0.667,2,1.667
297,580,14,99,5,29,88,26,2100.683468,1.0000,0.4005,18,6.667,2,2,2.667
298,242,9,23,4,7,22,10,288.8411929,0.7778,0.2782,2,4.667,1.333,1.667,1.667
299,297,6,49,5,18,16,7,771.6785488,0.5000,0.1762,4,5,1.333,2,1.667
302,128,7,24,3,4,0,8,790.0515935,0.5714,0.1389,4,2.333,1,0.667,0.667
304,293,10,53,3,8,16,8,130.394254,1.0000,0.2173,14,6.333,1.667,2.333,2.333
305,369,4,25,3,1,6,6,422.4855481,0.5000,0.1116,1,2,0,1,1
307,181,11,28,3,12,45,4,168.7702851,1.0000,0.3916,6,4,1,1.333,1.667
308,150,8,27,4,7,8,9,913.403539,0.3750,0.3575,4,3.667,1,1,1.667
309,507,11,61,2,17,39,10,104.3221978,0.9091,0.1855,6,4.333,1,1.667,1.667
311,320,12,57,5,34,10,9,464.3116652,0.7500,0.1141,6,6,1.667,2,2.333
313,589,26,78,9,33,75,6,168.5205395,0.6538,0.3884,14,8,2.667,2.667,2.667
314,169,12,48,1,9,10,13,22.00422458,0.8333,0.2076,9,7.333,2,2.667,2.667
317,265,5,43,2,19,13,13,196.5010935,1.0000,0.1437,4,2,0.333,1,0.667
319,212,15,29,3,13,23,13,482.213067,0.6667,0.4812,13,5.667,1.667,1.667,2.333
323,210,4,19,1,1,25,4,349.1068669,1.0000,0.2268,2,1.667,0.333,0.333,1
325,453,16,87,3,18,53,1,37.5518019,0.8750,0.2656,17,6,1.333,2,2.667
326,275,10,29,6,9,8,11,166.5756634,0.8000,0.2183,9,5.333,1.667,2,1.667
327,110,9,23,1,6,16,0,0,0.6667,0.3049,6,3.667,1,1.333,1.333
328,395,11,53,4,46,25,7,403.7000526,0.8182,0.3078,2,5.333,2,1.333,2
332,218,6,31,3,4,16,0,0,1.0000,0.2055,2,3.667,1,1.667,1
333,452,10,50,3,20,21,24,168.0359201,1.0000,0.1462,4,3.667,1,1.333,1.333
334,417,17,74,9,22,18,7,36.07442532,0.6471,0.1672,8,7.667,3,2.333,2.333
335,215,9,40,2,6,14,4,98.78379594,0.3333,0.2403,2,3.333,0.667,1.333,1.333
336,223,7,53,1,4,3,13,1353.24287,1.0000,0.1058,6,2,0.333,0.667,1
337,337,9,30,2,9,29,11,315.0781048,1.0000,0.1217,5,2,0.667,0.667,0.667
340,504,14,102,6,17,42,2,274.5883253,1.0000,0.9960,14,8.333,2.333,3,3
341,406,9,68,2,19,35,13,457.8549773,1.0000,0.1773,6,2,0.667,0.333,1
342,467,23,81,8,97,39,30,2495.718305,1.0000,0.6148,19,7.667,2.667,2.333,2.667
343,599,14,108,2,38,7,48,3580.881389,0.7143,0.4281,23,7.667,2.333,3,2.333
344,140,6,18,2,3,7,1,91.95275807,0.3333,0.1946,5,1.333,0,0.667,0.667
345,285,7,41,4,20,19,0,0,1.0000,0.3248,3,3.333,1,1,1.333
346,476,13,52,5,10,33,15,150.8824519,0.6923,0.1711,1,5.333,2,1.333,2
347,407,15,47,4,24,27,9,138.2159917,0.8667,0.2610,4,4,1.667,0.667,1.667
350,265,10,33,6,21,22,3,195.7444986,1.0000,0.3358,5,4.667,2,1,1.667
354,314,14,52,7,19,33,7,818.5912137,0.9286,0.8120,14,6.667,2.333,2,2.333
355,399,7,15,6,6,12,6,161.1282112,1.0000,0.1625,3,5.667,1.667,1.667,2.333
357,329,10,55,3,15,25,15,236.8888201,0.7000,0.4216,6,4.667,2,1,1.667
359,478,8,53,4,51,42,18,1834.806877,1.0000,0.2802,4,3.333,1,1,1.333
360,258,17,43,5,17,14,1,3.548850994,0.7059,0.4878,5,7.333,2.667,2.333,2.333
361,241,7,32,4,4,11,9,339.8732238,0.8571,0.2539,3,4.333,1.333,1.333,1.667
364,199,6,31,4,10,16,11,32.473277,1.0000,0.4645,1,4,1,1.333,1.667
365,506,9,76,5,28,42,14,927.8556025,1.0000,0.2113,9,4,1,1.667,1.333
368,537,9,97,5,13,63,13,645.6935001,0.7778,0.3556,2,3.333,1.333,0.667,1.333
369,300,6,54,2,5,31,0,0,0.6667,0.1101,7,2.333,0.667,0.667,1
370,600,3,38,3,3,20,1,0.451881619,0.6667,0.1728,1,1.333,0,0.667,0.667
372,585,12,80,1,10,75,24,224.3584967,0.9167,0.2764,5,3.333,0.667,1.333,1.333
374,600,17,93,5,46,43,24,2429.121634,0.7647,0.1466,22,6,2,2,2
375,599,15,101,6,30,26,19,445.7021887,1.0000,0.2418,16,6.333,1.667,2.333,2.333
425,600,13,116,2,36,91,15,405.6059845,0.9231,0.3412,10,5,1.667,1.667,1.667
430,313,9,44,6,12,58,0,0,1.0000,0.4049,5,2.667,1.667,0,1
431,179,4,12,2,5,5,3,210.0315991,0.7500,0.1992,3,2.333,0.667,1,0.667
433,427,11,66,4,34,20,5,401.376072,0.3636,0.5442,6,2,1,0,1
436,194,9,24,5,16,14,0,0,0.5556,0.3761,0,1.333,0.667,0,0.667
440,600,7,133,4,30,38,7,522.6387128,1.0000,0.3758,6,3,1.333,0.667,1
441,120,8,21,4,5,10,3,10.68002433,0.6250,0.3651,4,3,1.333,0.333,1.333
442,348,6,20,5,10,9,3,137.3051993,0.6667,0.2372,4,4.333,1.333,1.667,1.333
448,597,19,67,8,24,32,26,1526.869781,0.6316,0.2387,6,6,2.667,2,1.333
451,132,10,27,1,7,8,10,21.03874666,0.4000,0.2478,3,3.333,1,1.333,1
453,328,6,67,3,11,27,5,269.8249235,0.8333,0.2616,3,3.667,1,1.667,1
456,145,7,34,3,4,9,0,0,0.7143,0.4246,6,3.667,1,1.667,1
458,508,15,60,8,18,31,4,318.681918,0.6667,0.5504,12,7.333,2.333,2.333,2.667
459,362,6,55,5,8,8,0,0,0.6667,0.1437,4,3,1.333,0.667,1
460,151,18,35,4,17,10,2,74.3293023,0.2778,0.2561,12,5,2,1.667,1.333
463,508,15,46,6,16,22,5,63.22431231,0.4000,0.2587,10,5.333,1.333,2.333,1.667
464,114,8,71,2,7,29,0,0,1.0000,0.5002,6,2.667,1.333,0.667,0.667
465,374,16,61,1,19,21,3,240.0248528,0.8750,0.2627,1,4,1.667,1,1.333
466,70,7,7,1,11,5,1,6.01979519,0.2857,0.1782,3,2,1,0.667,0.333
467,326,15,57,2,17,31,6,167.7434426,0.8000,0.4440,11,4.667,1.667,1,2
468,189,10,32,2,14,3,4,96.22058192,0.2000,0.1125,12,2.333,1,0.667,0.667
470,121,5,21,1,2,16,13,447.1951339,1.0000,0.2118,6,2.667,0.667,1.667,0.333
471,318,8,50,5,7,44,0,0,1.0000,0.4959,7,6.667,2,2.667,2
479,143,10,25,3,12,10,1,1.725993874,0.4000,0.1014,3,2.667,1,1,0.667
480,594,7,36,5,8,15,0,0,0.7143,0.4847,3,2,1,0,1
481,189,6,31,3,5,24,0,0,0.8333,0.1124,7,2.333,1,0.667,0.667
482,353,7,63,5,28,16,5,345.8988127,0.5714,0.1267,4,2.667,1.333,0.333,1
483,507,10,58,4,25,42,10,463.0894751,1.0000,0.2108,9,4.667,1.667,1.667,1.333
484,97,3,15,2,0,4,2,357.5514688,0.6667,0.1662,1,0.667,0.333,0,0.333
491,135,6,26,3,3,13,0,0,0.8333,0.1871,4,2,1,0.333,0.667
492,338,9,32,2,11,17,3,235.7260701,0.5556,0.1890,5,3.667,1,1.667,1
493,135,7,10,2,8,6,2,52.13465508,0.8571,0.1614,5,2.333,1,0.333,1
497,241,7,38,4,8,21,5,162.4386702,0.8571,0.1944,4,1.667,0.667,0,1
498,136,14,37,5,11,24,1,32.22093851,0.4286,0.2772,11,5,2,1,2
501,257,19,41,5,17,4,7,183.1195249,0.3684,0.2553,7,5,2,1,2
503,274,11,52,2,10,44,2,6.511594193,0.9091,0.2205,7,2.333,1,0.333,1
506,600,11,88,4,31,22,3,196.7531011,0.8182,0.5202,4,3.667,1.333,1,1.333
509,222,8,39,4,10,12,3,110.9513557,0.6250,0.2829,5,3,1.333,0.667,1
517,407,16,57,7,24,27,18,1504.213424,0.8125,0.4042,11,6,2.333,1.667,2
518,339,13,57,5,41,23,18,258.1276107,1.0000,0.4160,11,5.333,2,1.667,1.667
521,83,6,19,3,3,1,3,213.2904247,0.3333,0.0884,4,2.333,1,0.333,1
524,56,5,12,4,2,15,0,0,1.0000,0.4643,3,2,1,0,1
528,254,14,40,5,15,8,4,42.31476169,0.2143,0.3243,4,4.333,1.667,1.333,1.333
529,45,3,7,1,0,1,0,0,0.3333,0.0133,4,1.333,0,1,0.333
536,45,3,11,2,0,1,0,0,0.3333,0.0870,2,1.333,0.667,0.667,0
538,574,21,91,3,25,26,12,178.736299,0.9524,0.9999,19,6.667,2,3,1.667
542,331,9,50,4,25,27,18,1208.167024,1.0000,0.1798,11,3.667,1,1.667,1
544,182,7,19,4,7,19,1,24.76080879,0.7143,0.0847,6,2.333,1,0.333,1
546,209,11,43,5,10,23,1,21.95414299,0.5455,0.2635,9,5,1.667,1.667,1.667
548,107,5,16,3,2,2,10,459.9849414,1.0000,0.1350,2,1,1,0,0
549,228,11,40,3,8,41,6,256.7958715,0.8182,0.3096,5,3,1,1,1
551,474,10,103,2,8,26,3,102.1594414,1.0000,0.2642,4,4,1,1.667,1.333
552,213,6,63,3,5,4,9,152.3490605,0.8333,0.1384,4,2,1,0.333,0.667
553,600,3,98,1,22,78,0,0,0.0000,0.0409,1,0,0,0,0
554,339,4,25,3,2,33,1,90.70927651,1.0000,0.1467,2,1.333,0.667,0.333,0.333
558,389,6,67,1,26,28,0,0,0.6667,0.0824,4,1.667,0.333,1,0.333
583,82,6,24,6,3,0,0,0,0.0000,0.0611,3,1.667,1,0.667,0
585,576,9,69,4,50,19,15,79.70906164,1.0000,0.3829,14,5.667,1.667,2.333,1.667
587,429,8,61,4,50,29,5,511.1295033,0.8750,0.1919,4,4.333,1.667,1.333,1.333
588,37,3,10,1,0,7,0,0,1.0000,0.3844,2,0.333,0,0,0.333
592,502,6,78,5,13,61,2,23.49005253,1.0000,0.0845,2,3.333,1.333,1,1
594,210,15,34,9,20,0,0,0,0.0000,0.2195,0,4.667,2.333,1.333,1
595,376,5,50,2,11,14,15,555.7260248,1.0000,0.2919,4,3,1,1,1
596,532,34,118,5,43,33,26,664.4607833,0.3824,0.5768,50,8,2.667,3,2.333
597,100,5,25,4,2,14,10,19.21046072,1.0000,0.1362,3,1.667,1,0,0.667
599,400,7,55,2,7,14,4,472.1422721,0.5714,0.2667,6,3,1,1,1
600,342,7,32,4,5,7,12,1035.181738,0.7143,0.5405,7,4.667,1.333,2,1.333
601,321,5,34,4,2,15,3,219.7972201,1.0000,0.3493,1,4,1.333,1.667,1
603,127,4,17,3,4,2,6,580.6311294,0.7500,0.1417,5,2.333,0.667,1,0.667
604,458,9,72,4,18,5,22,57.32397246,0.7778,0.1913,6,2.667,1,0.667,1
605,203,6,17,3,9,4,1,2.782505711,1.0000,0.1397,3,3.667,1,1.667,1
607,74,6,17,2,3,6,3,0.630211569,0.6667,0.4152,6,3,1,1,1
608,369,30,63,9,30,32,10,450.0292334,0.4000,0.4499,36,9,3,3,3
610,167,10,21,6,9,20,2,272.2379491,0.8000,0.2897,1,4.667,2,1,1.667
614,57,3,6,2,0,6,0,0,1.0000,0.2199,2,0.667,0.333,0,0.333
616,50,6,9,5,3,5,0,0,0.1667,0.2539,3,2.333,1.333,0.667,0.333
619,573,20,125,2,29,38,43,680.5355801,0.9000,0.1762,13,6.667,2,2.667,2
621,592,15,78,7,23,42,3,224.3875082,0.9333,0.5257,5,6.667,2.333,2.333,2
622,334,9,50,4,13,47,9,151.3232862,1.0000,0.2524,2,3.333,1.333,1,1
623,600,15,150,4,65,43,0,0,0.6667,0.2677,19,6,2,2,2
628,389,8,76,4,49,38,27,2853.472588,1.0000,0.1801,5,3.333,1,1.333,1
630,278,6,28,4,11,22,14,1820.521174,1.0000,0.1455,8,3.667,1.333,1.333,1
631,96,7,23,1,4,6,2,88.41276178,0.5714,0.0974,4,1.667,1,0.333,0.333
637,451,6,51,3,18,20,23,521.3594202,1.0000,0.0835,4,2.333,1,0.667,0.667
639,359,7,91,5,43,30,16,1569.166441,1.0000,0.1722,4,3.333,1.333,1,1
640,41,3,6,3,0,4,2,363.5710822,0.3333,0.1126,2,2.333,0.667,1.333,0.333
645,144,4,21,2,9,7,0,0,0.7500,0.1524,0,1,0.333,0.333,0.333
646,568,11,65,5,11,20,8,681.189181,0.5455,0.2332,6,3.667,1.333,1.333,1
648,60,5,16,3,4,7,2,292.0124619,0.8000,0.0933,0,2,1,0.667,0.333
649,142,4,33,4,1,10,0,0,1.0000,0.5390,3,2,1,0,1
650,499,7,51,4,10,22,2,24.70901842,0.7143,0.2511,4,4.333,1.667,1.333,1.333
655,173,7,26,4,6,12,10,338.2809352,1.0000,0.1515,7,3.667,1.333,1.333,1
656,600,11,82,3,25,33,3,586.7914674,0.8182,0.1487,10,4,1.333,1.667,1
658,257,7,39,5,11,9,0,0,0.2857,0.2768,3,3.333,1.333,1,1
661,150,10,27,1,7,11,8,234.1720252,0.7000,0.1762,9,3,1.333,0.667,1
664,316,11,53,1,30,26,4,350.2785856,0.5455,0.2102,11,4.333,1.667,1.667,1
667,250,6,39,3,3,31,11,197.3617804,1.0000,0.3124,4,2,1,0,1
668,268,13,35,3,14,32,5,708.3557245,1.0000,0.2315,7,3.667,1.333,1.333,1
670,249,6,44,3,3,43,9,830.9819423,0.6667,0.3099,0,1.333,0.667,0.333,0.333
673,332,5,19,3,12,19,2,0.400841708,1.0000,0.2385,6,2.667,1,0.667,1
674,411,14,55,3,15,41,6,450.1644574,0.7857,0.2821,8,4.333,1.667,1.333,1.333
676,302,7,57,4,5,25,3,361.6387693,0.8571,0.2472,1,3.333,1.333,1,1
677,252,13,37,3,16,12,12,1102.617769,0.6154,0.3550,17,4.667,1.667,1.667,1.333
682,599,9,76,5,34,44,8,148.1102104,1.0000,0.4694,19,4.333,1.333,1.667,1.333
683,279,5,16,3,2,7,4,184.4538557,1.0000,0.2004,1,2.333,1,0.667,0.667
684,286,21,79,1,18,12,24,2045.509511,0.7619,0.4450,18,6.333,2,2.333,2
685,362,7,26,4,44,11,5,282.0323638,1.0000,0.0949,6,2.667,1,0.667,1
688,295,7,34,4,19,6,15,587.1510054,1.0000,0.3613,6,3,1.333,0.667,1
689,70,10,28,1,7,19,2,6.313098884,1.0000,0.4165,3,3,1,1,1
690,98,7,20,1,4,7,4,40.27900086,0.7143,0.1196,5,3.333,1,1.333,1
691,9,3,3,1,0,1,0,0,0.3333,0.0304,2,1,0,0.667,0.333
699,141,4,29,3,1,12,2,220.0030864,0.7500,0.3285,5,3,0.667,1.333,1
700,372,19,77,6,16,29,5,310.404656,0.8947,0.4066,29,7.333,3,2,2.333
702,220,10,39,6,13,31,3,35.66438997,0.8000,0.1332,7,2.667,1,0.667,1
704,60,8,17,2,5,8,2,4.653411709,0.7500,0.1596,0,3,1,1,1
707,519,13,95,3,41,58,4,173.8458699,0.8462,0.1394,4,5,2,1.333,1.667
708,599,12,104,4,21,48,3,54.50663416,0.6667,0.3319,2,3,1.333,0.667,1
709,600,6,92,4,16,55,18,1048.171599,0.8333,0.1873,2,2.667,1,0.667,1
710,267,9,51,2,14,15,0,0,0.7778,0.1802,8,3.333,1,1.333,1
712,196,9,63,2,10,4,0,0,0.2222,0.1325,3,1.667,1,0.667,0
715,111,3,20,3,0,10,1,89.87301083,1.0000,0.1694,1,1,0.333,0.333,0.333
717,305,3,62,3,7,19,8,344.2293727,1.0000,0.2782,4,3,0.667,1.667,0.667
720,162,8,18,5,8,13,4,9.672650566,1.0000,0.3918,2,2,1,0,1
725,116,7,24,1,6,5,0,0,0.0000,0.0674,2,1,0.333,0.333,0.333
726,167,3,12,2,1,7,8,445.5593771,1.0000,0.1644,1,1.333,0.333,1,0
728,103,9,23,4,7,9,1,96.93611447,0.5556,0.4311,7,4.333,1.667,1.667,1
730,600,12,98,2,10,63,40,550.712546,0.8333,0.3113,15,3,1,0.667,1.333
733,593,12,107,7,39,27,20,1151.723613,0.7500,0.2210,3,4.667,1.667,1.667,1.333
734,382,13,76,4,21,13,3,170.8433373,0.5385,0.4300,8,3.667,1.667,1,1
736,341,13,52,5,10,43,4,252.3538858,0.7692,0.3433,15,6.333,2.333,2,2
738,261,4,17,4,3,22,4,7.180484768,1.0000,0.1121,0,1.333,0.333,0.667,0.333
739,584,16,109,3,44,18,6,254.9997779,0.5625,0.4659,8,4.333,1.667,1.333,1.333
740,449,6,106,4,16,28,0,0,0.8333,0.0894,6,2.333,1,0.333,1
741,408,11,100,3,11,31,8,823.0271736,0.5455,0.3787,3,3,1.333,0.667,1
742,293,13,71,3,24,32,24,268.2626691,0.8462,0.2863,4,4,1.333,1.333,1.333
743,229,5,62,1,7,21,2,79.57037112,0.8000,0.3532,1,0.333,0,0.333,0
744,291,11,47,4,29,7,17,360.7596235,0.8182,0.4584,14,3.667,1.333,1.333,1
750,128,9,16,5,8,10,1,1.102207782,0.5556,0.1845,8,3,1.333,0.667,1
756,247,17,49,7,14,0,0,0,0.0000,0.0536,1,4.333,2.333,1.333,0.667
760,481,6,46,2,7,39,1,0.107258822,1.0000,0.1029,5,3.333,1,1.333,1
761,600,8,154,6,103,71,38,1693.526076,0.8750,0.2817,12,4.333,1.333,1.667,1.333
770,404,12,36,6,18,21,0,0,0.8333,0.2047,8,5.667,2,2,1.667
775,481,8,79,2,11,26,4,73.79619378,0.8750,0.2507,5,3.333,1,1.333,1
777,399,6,30,3,3,12,16,1305.157044,0.3333,0.0846,3,1.667,1,0,0.667
779,65,14,23,3,11,9,0,0,0.4286,0.2420,14,3.333,1.667,0.667,1
783,221,3,43,3,1,20,6,721.3662721,1.0000,0.6588,4,2,0.667,0.667,0.667
784,134,3,24,3,1,6,1,129.6950039,1.0000,0.4639,4,2,0.667,1,0.333
786,508,27,124,6,33,98,4,330.9680634,0.9630,0.7033,21,5,2.333,1,1.667
787,259,8,28,5,10,3,6,192.3005272,0.3750,0.1042,2,3,1.333,0.667,1
788,244,9,41,8,8,11,4,32.91418916,0.6667,0.1803,7,5.333,2,2,1.333
789,257,6,38,4,5,12,3,201.1260329,0.6667,0.2990,1,2.667,1.333,0.333,1
792,230,4,46,2,1,8,10,2027.462311,1.0000,0.1929,3,1.667,0.333,1,0.333
794,61,3,16,3,0,5,1,0.155061477,0.6667,0.2749,2,0.667,0.333,0,0.333
795,188,10,40,4,8,5,12,1128.404468,1.0000,0.0757,4,4,1.667,1.333,1
797,320,11,59,8,14,21,20,183.7693985,0.5455,0.3616,12,5.333,2,1.667,1.667
799,311,18,127,3,15,27,4,383.3973457,0.3333,0.3231,1,4,1.667,1,1.333
801,73,5,16,3,2,3,0,0,0.8000,0.2294,3,3.333,1,1.333,1
803,90,4,14,2,1,10,3,538.0981209,1.0000,0.3848,1,2,0.667,1,0.333
804,480,16,76,6,19,14,39,2742.259333,0.8125,0.2752,7,5.667,2.333,1.667,1.667
805,412,16,56,4,15,25,12,430.6559322,1.0000,0.9946,19,7,2.333,2.333,2.333
806,158,9,25,4,6,9,1,45.56377521,0.5556,0.6241,9,4.667,1.333,1.667,1.667
807,580,28,99,3,30,38,20,1767.26881,1.0000,0.2145,32,5.667,2.333,1.333,2
808,291,17,51,7,28,29,12,362.7789335,1.0000,0.2030,8,4.667,2,1,1.667
809,280,12,58,2,15,33,5,162.6352645,0.8333,0.2387,5,2.667,1,0.667,1
815,299,12,35,4,9,22,5,36.23279663,0.9167,0.3480,4,3.333,1.333,1,1
816,600,17,96,9,19,39,21,569.2466871,0.8824,0.3677,16,7.333,2.667,2.333,2.333
822,23,3,3,3,0,3,0,0,0.6667,0.1343,2,0.667,0.667,0,0
825,320,20,54,2,19,4,0,0,0.1500,0.1267,44,3,1,1.333,0.667
826,600,8,74,3,13,74,7,242.4161771,0.6250,0.3272,6,3.333,1,1.333,1
830,594,21,152,6,30,50,13,46.60615484,0.7143,0.5729,14,7.667,2.667,2,3
831,242,7,38,1,6,62,3,183.5153293,1.0000,0.2261,2,2.333,1,0.667,0.667
832,167,13,42,4,11,19,8,93.83867588,0.8462,0.2269,9,3,1,1,1
834,463,10,81,4,8,11,5,220.1828103,0.6000,0.1436,10,2.667,1.333,0.333,1
835,96,11,27,1,10,7,0,0,0.2727,0.1650,5,2.667,1,0.667,1
838,232,9,32,3,7,11,20,1234.174857,0.8889,0.2668,18,3.667,1,1.667,1
839,62,3,9,2,9,5,1,24.36863204,1.0000,0.4286,1,1.333,0.667,0.333,0.333
840,479,20,104,4,41,35,14,867.1040944,0.8000,0.3448,23,4,1.667,1,1.333
841,600,26,202,1,27,122,3,534.2218124,0.7692,0.3365,14,6.667,2.333,2,2.333
842,239,11,35,5,27,22,8,385.446062,0.9091,0.2634,5,4.333,1.333,1.667,1.333
843,132,3,33,3,0,4,6,326.3369477,1.0000,0.0901,2,2,0.667,1,0.333
846,122,9,18,2,6,13,0,0,0.5556,0.2623,1,2.333,1,0.667,0.667
847,181,13,30,5,10,17,0,0,0.3846,0.2335,4,3.333,1.333,1,1
848,143,16,46,1,13,20,0,0,1.0000,0.0606,9,3.333,1.333,1,1
852,573,10,84,3,28,45,12,1485.92095,0.9000,0.1415,2,3.333,1,1.333,1
853,70,3,9,1,0,6,4,118.5103905,1.0000,0.3094,2,1.333,0,1,0.333
856,338,20,42,6,34,13,6,484.7431965,0.3500,0.1533,2,3,1.667,0.667,0.667
858,54,7,13,3,4,7,0,0,0.8571,0.1951,4,2,1,0,1
859,429,15,42,5,24,56,0,0,0.8000,0.3714,7,4.333,1.667,1,1.667
860,415,16,45,5,15,22,12,738.5107788,1.0000,0.5608,29,5,2,1.333,1.667
861,228,10,47,1,13,23,9,334.8531655,0.5000,0.1328,0,2.667,1,0.667,1
863,188,25,32,1,22,4,0,0,0.0800,0.1781,0,2,1.333,0.333,0.333
867,600,14,157,3,47,68,33,3102.073694,0.9286,0.2386,4,3,1,1,1
868,495,8,37,6,16,30,11,326.2799444,1.0000,0.2556,13,2.333,1.333,0,1
870,316,15,46,4,17,19,4,549.0054672,0.4667,0.0926,12,3.667,1.333,1.333,1
871,331,10,49,3,9,70,6,158.2609591,1.0000,0.1679,5,3,1,1,1
875,59,3,13,2,0,8,1,90.08011199,1.0000,0.1291,1,0.667,0.667,0,0
880,252,11,57,2,12,15,0,0,0.1818,0.4998,6,2.667,1,0.667,1
887,35,8,13,2,5,4,2,2.883995232,0.5000,0.2060,5,2.333,1,0.333,1
888,423,5,54,3,12,26,0,0,0.6000,0.1341,4,2,1,0.333,0.667
890,116,4,13,4,1,7,0,0,0.7500,0.2809,1,2,1.333,0,0.667
891,114,10,30,4,7,4,5,188.8545506,0.7000,0.2755,7,2.667,1.333,0.333,1
892,473,6,99,5,4,35,12,398.2370389,1.0000,0.2433,3,3.333,1.333,1,1
893,161,9,23,4,16,9,9,390.4973773,0.4444,0.2442,8,3.667,1.333,1.333,1
894,60,5,12,1,2,8,0,0,0.8000,0.1821,5,0,0,0,0
895,596,14,95,4,36,39,11,82.2986592,0.8571,0.4312,23,5,1.667,1.333,2
897,486,12,52,6,18,45,10,537.6440454,1.0000,0.3282,3,5,2,1.333,1.667
899,57,3,12,3,0,4,2,63.62767594,1.0000,0.1271,2,2,0.667,1,0.333
900,526,6,101,2,201,28,23,816.6345922,1.0000,0.1912,5,3,1,1,1
904,173,4,43,2,1,11,11,176.916385,0.7500,0.3460,1,1.667,0.667,1,0
907,536,8,32,3,6,22,0,0,0.5000,0.0899,6,2.333,1,0.333,1
908,373,12,60,1,9,43,0,0,0.9167,0.2734,11,4,1.667,1.333,1
910,552,11,56,4,16,33,4,556.7172661,1.0000,0.5995,6,3.667,1.333,1,1.333
912,462,18,81,9,19,36,10,1371.411078,0.8889,0.3214,12,7,2.333,2.333,2.333
917,293,8,32,4,11,39,13,1129.987266,0.6250,0.3159,2,2.333,1.333,0,1
919,189,4,23,3,3,14,2,42.81072039,1.0000,0.2191,2,1.333,1,0,0.333
920,111,5,14,2,2,12,0,0,1.0000,0.4433,3,1,0.333,0,0.667
921,87,4,14,3,5,10,0,0,0.7500,0.1805,1,1.333,0.667,0.333,0.333
923,260,15,36,3,12,21,0,0,0.6667,0.2647,3,5,1.667,1.667,1.667
925,29,4,4,2,1,4,3,281.1433999,0.2500,0.1045,3,1.667,0.667,0.667,0.333
928,68,3,12,2,0,4,1,178.1232045,1.0000,0.0928,4,2,0.667,1,0.333
929,528,5,74,5,6,28,14,274.661588,1.0000,0.2193,3,3,1.333,0.667,1
931,594,8,63,7,29,76,0,0,0.8750,0.1543,0,2.333,1.333,0.333,0.667
932,507,11,90,7,10,34,35,385.480138,1.0000,0.2866,2,4.333,2,1,1.333
934,69,5,11,2,3,3,2,178.6235512,0.4000,0.2444,6,1,0.333,0.333,0.333
935,276,9,28,2,12,14,10,171.0537326,0.5556,0.2659,5,1.667,1,0,0.667
937,41,7,14,3,4,8,0,0,0.2857,0.2585,2,1.667,1,0,0.667
938,75,5,15,4,3,5,3,160.3313127,1.0000,0.2357,2,2.667,1.333,0.667,0.667
939,600,12,80,5,19,61,0,0,0.8333,0.1259,3,4.333,1.667,1.333,1.333
943,527,10,102,6,12,21,7,66.3697844,0.4000,0.1084,5,3.667,1.333,1.333,1
945,405,5,80,4,4,9,4,183.1540607,0.2000,0.1815,3,2,1,0.333,0.667
946,404,10,82,4,27,28,7,844.6819128,0.7000,0.1089,8,3,1.333,0.667,1
949,144,6,27,1,3,1,6,846.9938706,0.5000,0.2077,4,2.333,1,0.667,0.667
950,220,7,35,4,16,13,5,61.92481309,0.8571,0.3275,4,2.333,1.333,0,1
952,86,3,17,3,0,9,6,1272.391088,0.6667,0.1399,1,1.333,0.333,0.667,0.333
955,333,17,54,3,21,24,0,0,0.5882,0.4324,9,3.667,1.667,1,1
956,67,4,9,3,1,0,7,44.47622387,0.5000,0.1816,2,1.667,0.667,0.667,0.333
958,36,4,6,1,1,4,0,0,0.7500,0.2394,0,0.333,0,0.333,0
962,269,17,82,3,15,40,0,0,1.0000,0.2480,13,5.333,2,1.667,1.667
963,33,4,7,1,1,4,2,56.95194951,0.5000,0.1030,2,0.667,0.333,0.333,0
964,535,19,50,5,22,35,2,115.9908404,1.0000,0.2854,3,6,2,2,2
992,194,7,18,4,4,8,6,307.3549128,1.0000,0.1428,7,2.667,1,0.667,1
993,40,3,12,1,0,1,1,123.0846879,0.3333,0.3855,1,1,0.333,0.667,0
1001,299,7,59,2,9,37,3,198.5506919,0.7143,0.1357,4,3,1,1,1
1007,588,11,89,4,21,36,19,174.8384023,0.6364,0.2636,7,3,1,1,1
1008,128,6,22,3,3,17,12,523.1671029,0.6667,0.3117,5,3,1,1,1
1011,285,5,34,3,16,11,3,160.9026388,0.8000,0.0320,6,2.333,1,1,0.333
1012,256,11,41,7,10,33,1,176.6550409,0.8182,0.2130,5,3.667,1.667,0.667,1.333
1013,484,7,47,5,4,19,6,12.06317695,0.8571,0.2542,1,2.667,1,0.667,1
1016,86,4,25,2,1,4,0,0,0.7500,0.1552,2,1,0,1,0
1024,259,8,45,5,6,36,2,68.34758714,1.0000,0.2123,10,4,1.333,1.333,1.333
1028,205,10,55,4,11,32,4,143.5377151,0.9000,0.3555,8,2.667,1,0.667,1
1029,201,8,57,2,5,28,0,0,0.8750,0.2409,3,2.333,1,0.667,0.667
1039,398,13,64,5,11,34,11,824.1367214,0.7692,0.3083,9,3.333,1.333,0.667,1.333
1046,22,4,8,1,3,3,0,0,0.7500,0.0872,3,0.333,0.333,0,0
1047,189,7,42,5,7,14,8,458.7300873,1.0000,0.2256,7,3.333,1,1.333,1
1050,305,9,34,6,10,20,12,431.0388584,1.0000,0.3319,6,3.667,1.333,1,1.333
1051,326,7,54,2,12,48,2,1.887795518,0.8571,0.2359,4,2.333,1,0.333,1
1053,411,15,60,7,22,22,2,44.71814855,1.0000,0.2072,3,5,2,1.667,1.333
1055,112,6,27,3,5,1,0,0,0.1667,0.2038,4,3,1,1,1
1056,232,23,55,2,20,1,7,194.8093393,0.0870,0.3341,5,5.333,2.333,2,1
1058,495,32,89,8,44,51,9,51.56691245,0.4062,0.4864,23,7,3,1.667,2.333
1060,558,13,99,4,36,56,11,535.7134698,0.8462,0.3443,7,3,1.333,0.667,1
1064,219,3,45,2,29,6,5,106.1808663,0.6667,0.2088,2,1,0.333,0.667,0
1065,220,3,60,3,39,5,15,375.8830049,1.0000,0.1157,4,2,0.667,0.667,0.667
1078,556,10,88,5,14,62,24,618.3234566,0.9000,0.2515,14,3.667,1.333,1,1.333
1082,299,13,47,6,18,30,0,0,0.8462,0.3930,4,4.667,2,1,1.667
1084,354,16,37,6,22,46,3,24.3596309,1.0000,0.1736,13,4,1.667,0.667,1.667
1085,482,7,92,5,81,28,25,820.4038594,1.0000,0.3792,6,3.667,1.333,1.333,1
1086,316,13,63,7,22,15,0,0,0.0769,0.1478,4,5,2,1.667,1.333
1094,249,7,45,7,31,19,24,188.3222786,0.8571,0.0968,5,3.333,1,1.333,1
1095,352,10,55,6,28,27,18,929.6848916,1.0000,0.4497,9,3.667,1.667,0.667,1.333
1096,197,7,22,2,6,11,0,0,0.8571,0.1602,12,3,1,1,1
1098,600,11,90,5,26,47,3,143.7269769,0.8182,0.1991,8,4.333,1.333,1.333,1.667
1102,96,9,19,3,8,15,3,227.3522879,0.7778,0.2481,4,3.333,1,1.333,1
1103,600,10,26,4,9,22,0,0,0.5000,0.2811,2,4.333,1.333,1.333,1.667
1105,199,8,21,2,5,6,13,442.9191732,0.8750,0.2074,0,2.667,1,0.667,1
1106,570,13,75,5,25,48,9,650.4069831,0.9231,0.4972,7,5,1.667,1.667,1.667
1107,121,7,31,5,12,14,0,0,0.7143,0.2150,2,2.667,1.333,0,1.333
1109,600,9,36,1,15,17,0,0,0.3333,0.3217,8,2.667,0.667,1,1
1113,184,11,28,2,13,19,5,209.2759918,1.0000,0.2449,10,2.667,1,0.667,1
1116,63,5,18,1,2,7,1,153.5719034,1.0000,0.4969,3,2.667,1,1,0.667
1121,245,11,41,4,12,33,11,439.0752843,0.9091,0.5003,8,3,1.333,0.667,1
1122,275,12,42,3,15,12,14,1011.560529,0.9167,0.0633,3,2.667,1,0.667,1
1123,237,13,33,6,22,21,5,176.4677882,0.6923,0.1502,4,5.667,1.667,2,2
1125,600,12,80,8,57,43,9,246.1849115,1.0000,0.2731,7,7,2.333,2.333,2.333
1126,339,13,36,4,21,50,11,514.1676384,1.0000,0.0999,13,4,1.333,1,1.667
1132,12,3,1,3,0,1,0,0,0.3333,0.1357,0,1,0.333,0.333,0.333
1134,130,3,37,1,0,6,5,479.5367946,1.0000,0.3200,2,0.333,0,0.333,0
1135,12,3,3,1,0,0,0,0,0.0000,0.0506,2,0.667,0,0.667,0
1136,39,6,10,1,3,0,0,0,0.0000,0.0349,2,1.333,0.333,0.333,0.667
1139,598,17,68,6,43,42,15,272.8051425,0.9412,0.3333,12,6.333,2.333,2,2
1148,115,3,34,3,2,9,0,0,1.0000,0.1417,1,1.333,0.333,0.667,0.333
1149,77,5,20,3,2,8,0,0,1.0000,0.2734,3,2,1,0,1
1162,87,7,17,3,4,1,4,4.986775338,0.1429,0.0664,2,2.667,1,1,0.667
1169,599,12,142,4,86,52,19,1198.613538,1.0000,0.3312,11,3.333,1,1.333,1
1172,10,3,2,1,0,2,0,0,0.6667,0.0591,2,1.333,0.333,0.667,0.333
1175,46,5,13,1,2,0,0,0,0.0000,0.0606,3,1.333,0.333,0.667,0.333
1197,191,3,21,3,12,7,16,178.5655113,1.0000,0.2392,1,0.667,0.333,0,0.333
1200,290,13,31,5,10,31,17,1847.530484,0.8462,0.3966,5,3.333,1.667,0.333,1.333
1203,80,3,17,1,0,5,6,765.226779,1.0000,0.2205,4,0,0,0,0
1204,159,5,26,3,5,13,0,0,1.0000,0.2962,4,3,1,1,1
1205,433,14,63,3,25,41,8,136.6833835,1.0000,0.3713,8,3.333,1.333,0.667,1.333
1206,169,7,31,3,38,25,4,637.1020926,1.0000,0.2137,4,3.333,1,1.333,1
1207,423,15,59,4,27,26,13,329.370301,0.8667,0.4054,20,3.667,1.667,0.667,1.333
1208,281,12,25,4,9,2,9,337.3186012,0.5000,0.2036,3,3.667,1.333,1,1.333
1212,519,10,52,5,22,33,6,566.2702759,1.0000,0.4993,13,4.333,1.667,1,1.667
1215,139,3,20,3,0,11,3,24.69766087,0.6667,0.1522,2,1,0.333,0.667,0
1217,364,8,39,3,14,11,0,0,0.5000,0.1978,4,3,1,1,1
1219,266,25,67,4,29,18,24,2347.340313,0.9600,0.3388,14,5.667,2.333,1.333,2
1220,218,12,61,2,13,26,2,142.5489164,0.2500,0.2260,10,2.667,1,0.667,1
1221,592,14,59,4,24,45,9,162.514011,0.7857,0.3228,7,4,1.333,1.333,1.333
1222,371,13,47,4,13,18,11,734.4464162,0.8462,0.2089,4,3.333,1,1,1.333
1223,200,9,39,3,6,13,7,504.3774607,0.8889,0.5779,11,3.333,1,1.333,1
1225,110,6,17,2,7,9,5,255.3520868,0.5000,0.1949,8,3.333,1,1.333,1
1230,277,5,47,2,2,31,2,16.71737356,1.0000,0.1647,1,2,1,0,1
1235,92,11,19,6,14,1,7,340.5392425,0.5455,0.1596,6,4.667,2,1,1.667
1236,596,18,120,6,25,62,4,199.6803361,1.0000,0.5842,19,5.667,2.333,1.667,1.667
1241,317,9,47,5,16,23,9,672.1041053,1.0000,0.2548,4,4.333,1.333,1.333,1.667
1242,375,7,52,5,24,5,13,764.7142009,0.7143,0.2428,3,3.333,1.333,1,1
1245,198,6,56,5,5,8,0,0,0.5000,0.1048,4,3.667,1.333,1.333,1
1254,109,9,30,1,6,17,4,137.0502999,0.8889,0.3659,0,2.667,1,0.667,1
1256,57,8,10,1,7,7,2,226.5276105,0.2500,0.0891,0,2,1,0.667,0.333
1257,311,16,58,6,17,26,10,797.2652652,0.6875,0.5531,13,5.333,2.333,1.333,1.667
1263,518,10,50,6,11,44,8,720.7057525,0.8000,0.1689,2,2.667,1.333,0.333,1
1264,47,12,20,2,9,0,0,0,0.0000,0.1172,0,2,1,0.667,0.333
1265,324,4,48,2,11,16,12,132.7560424,0.7500,0.1676,3,2,0.667,0.667,0.667
1268,570,14,56,4,16,49,11,389.6296742,0.7857,0.1454,11,3.667,1,1.333,1.333
1270,330,6,34,4,9,27,8,297.4929738,0.6667,0.1332,4,2.667,1.333,0.333,1
1273,55,3,15,1,0,4,0,0,1.0000,0.0804,2,0.333,0,0.333,0
1276,440,7,70,4,40,39,9,413.7939903,1.0000,0.1911,6,3.667,1.333,1.333,1
1277,371,6,42,2,14,3,15,553.601111,1.0000,0.1950,11,3,1,1,1
1278,82,5,13,2,2,17,0,0,1.0000,0.2357,1,2.333,1,0.333,1
1279,390,8,48,6,6,38,8,294.5123674,1.0000,0.1345,3,4.333,1.667,1.333,1.333
1280,182,6,43,2,8,9,0,0,0.6667,0.4077,3,2.333,0.667,0.667,1
1281,523,21,80,6,23,43,17,1340.991815,1.0000,0.4696,19,6.667,2.667,2,2
1284,100,6,12,4,4,16,3,279.9584104,0.8333,0.1102,4,2.333,1,0.333,1
1287,565,11,75,6,9,25,28,1612.952759,1.0000,0.3317,7,3.667,1.333,1,1.333
1289,460,29,45,8,28,7,0,0,0.1034,0.2812,7,6,2.667,1.667,1.667
1292,370,15,64,5,15,52,5,276.7963254,0.8667,0.2182,6,6,2,2,2
1293,206,5,45,3,6,14,0,0,0.8000,0.0446,6,2,1,1,0
1295,538,5,47,5,4,31,1,0.99730049,1.0000,0.2361,2,2,1,0,1
1296,485,15,63,3,23,46,7,189.7799748,0.8000,0.2754,10,3,1,1,1
1297,341,21,77,8,22,16,7,126.4550957,0.5714,0.4020,45,8,2.667,2.667,2.667
1301,64,5,18,2,2,1,2,1.926847371,0.6000,0.0657,2,1,0.667,0,0.333
1303,598,40,88,9,41,47,0,0,0.5250,0.3788,25,8,3,2.333,2.667
1304,368,14,64,3,12,18,26,1756.1898,1.0000,0.3821,17,5,1.667,1.667,1.667
1305,284,8,39,5,16,25,6,4.227932007,1.0000,0.4435,6,3.667,1.667,1,1
1306,600,13,64,4,19,32,13,723.8258789,1.0000,0.2769,14,4.333,1.333,1.667,1.333
1309,149,19,31,3,17,1,0,0,0.0526,0.2039,1,3.667,1.333,1.333,1
1310,105,3,11,2,1,6,5,20.69167934,0.6667,0.0407,2,0.667,0.667,0,0
1311,512,11,76,1,27,23,16,530.9049855,0.6364,0.2389,5,3.333,1,1.333,1
1312,302,9,49,6,8,40,11,96.72449853,0.7778,0.1150,8,3.333,1.667,0.667,1
1313,146,5,23,4,4,14,3,360.6441799,0.8000,0.3616,8,3.333,1,1.333,1
1314,364,9,58,1,10,13,6,395.8970789,0.6667,0.0239,4,3,1,1,1
1316,246,10,63,2,9,2,0,0,0.4000,0.3452,1,1.667,1,0.333,0.333
1317,580,10,113,4,40,57,16,894.9315383,0.8000,0.1129,7,2.333,1,0.333,1
1320,283,9,45,7,10,20,1,0.268014883,0.8889,0.2825,3,3.667,1.667,0.667,1.333
1322,275,4,44,4,7,25,7,122.5283645,1.0000,0.1194,3,1.333,1,0,0.333
1324,324,6,41,2,5,39,2,0,0.8333,0.0661,6,1.333,1,0.333,0
1326,330,12,41,4,32,10,3,266.948149,0.3333,0.2234,6,3.667,1.333,1.333,1
1327,600,10,104,3,47,55,17,419.4406892,0.8000,0.1269,7,2.667,1,0.667,1
1328,194,10,25,6,12,11,7,254.6535746,0.4000,0.1439,7,4,1.667,1.333,1
1330,509,13,64,4,16,49,13,661.6249453,0.9231,0.3345,7,3.667,1,1.333,1.333
1335,445,13,59,7,13,26,6,51.28078029,0.6154,0.0630,4,5,2,1.667,1.333
1337,320,7,48,2,5,20,0,0,0.8571,0.2851,11,3,1,1,1
1339,84,5,10,3,2,4,10,112.5413018,1.0000,0.0240,3,3,1,1,1
1340,479,10,140,1,13,38,12,161.4019126,0.8000,0.3304,9,5.333,1.333,2.333,1.667
1341,600,5,78,2,28,26,22,826.2318145,1.0000,0.1526,5,1.667,1,0.333,0.333
1342,600,3,162,1,17,144,7,181.1484872,0.0000,0.0331,2,3.333,1.333,1,1
1344,38,3,8,1,1,6,0,0,1.0000,0.4491,3,0,0,0,0
1345,272,9,29,3,29,7,9,89.00276333,0.5556,0.2413,13,2.333,1,0.667,0.667
1346,97,5,15,3,2,6,2,36.59202886,0.4000,0.0986,5,1.667,1,0.333,0.333
1347,515,11,91,3,19,47,12,235.9676922,0.6364,0.2586,6,2.667,1,0.667,1
1349,343,6,35,6,3,21,2,150.6783731,1.0000,0.2217,9,3.333,1.333,1,1
1350,44,6,14,1,3,2,1,0,0.1667,0.0842,3,1,0.333,0.333,0.333
1351,447,16,60,5,21,30,31,910.3205853,0.9375,0.1978,21,4.667,2,1,1.667
1354,124,6,28,3,3,2,0,0,0.3333,0.1467,5,2,1,0.667,0.333
1355,229,13,59,1,10,17,0,0,0.6154,0.4366,4,2.333,1.333,0,1
1357,194,8,34,4,22,13,0,0,0.6250,0.2158,7,2.333,1,0.333,1
1358,471,14,50,5,42,34,17,1563.031607,1.0000,0.6938,35,6.333,2,2.333,2
1359,228,8,56,3,8,21,13,113.4478517,1.0000,0.2835,3,2.667,1,0.667,1
1360,531,4,115,2,25,26,0,0,0.2500,0.3161,3,0.667,0.333,0,0.333
1361,585,7,79,3,8,52,13,208.2499726,0.8571,0.1472,10,1.333,1,0.333,0
1362,600,15,101,6,44,52,36,1743.516262,1.0000,0.4579,16,5.333,2.333,1.333,1.667
1363,70,3,11,1,0,1,0,0,0.3333,0.0209,0,0,0,0,0
1365,597,20,137,5,29,72,29,1941.367129,0.8500,0.2618,20,6.333,2.333,2,2
1366,599,20,65,9,35,36,17,765.0666419,1.0000,0.3557,15,7,2.667,1.667,2.667
1367,580,12,73,8,34,47,21,421.7329837,0.9167,0.3152,7,5.667,2,1.667,2
1368,598,15,95,4,17,79,25,2851.14941,0.9333,0.4234,5,5,2,1.333,1.667
1369,44,3,15,1,0,6,9,260.4218996,0.6667,0.0942,1,0.333,0,0.333,0
1371,600,27,117,3,56,58,38,1824.433907,0.7778,0.4560,33,7.333,2.667,2.333,2.333
1372,368,13,57,6,48,9,12,124.8330558,1.0000,0.3188,13,3.667,1.333,1,1.333
1373,365,10,48,5,23,43,8,639.3144212,0.7000,0.3373,6,3.667,1.333,1,1.333
1374,599,12,72,7,16,51,10,302.0401102,0.5833,0.2486,4,3.333,1.333,1,1
1375,374,9,48,3,8,20,2,2.29617459,0.8889,0.0697,1,2.667,1,0.667,1
1376,342,5,39,3,5,24,39,3886.277031,1.0000,0.2988,2,2,1,0.333,0.667
1377,532,8,57,1,23,35,4,63.01423503,1.0000,0.1589,16,3.333,1,1.333,1
1378,575,12,102,5,24,36,15,837.2965326,0.7500,0.2123,7,4,1.333,1.333,1.333
1381,440,13,71,8,20,20,28,262.8959216,1.0000,0.3723,11,3.667,1.333,1,1.333
1382,178,8,32,1,5,31,9,364.2269142,1.0000,0.1620,6,2.333,1,0.667,0.667
1384,600,19,85,9,51,57,1,1.040227359,0.6316,0.4322,22,5.333,2.333,1,2
1385,409,10,46,3,13,21,10,505.9387429,0.8000,0.1443,9,2.333,1,0.333,1
1386,600,14,82,6,32,62,3,39.22544476,1.0000,0.5158,15,4.667,2,1,1.667
1387,600,12,123,6,15,58,36,824.9003177,1.0000,0.5138,14,6.333,2.333,2,2
1388,596,13,65,2,18,32,40,1179.110041,0.9231,0.1595,2,2.667,1,0.667,1
1389,356,13,56,3,11,30,17,955.8669267,1.0000,0.2298,10,3.333,1.333,1,1
1391,438,19,96,2,25,20,3,17.32255006,0.6316,0.5570,15,5.333,1.333,2.333,1.667
1392,600,11,112,2,29,72,23,1411.467468,1.0000,0.2576,8,3,1,1,1
1394,106,5,13,3,2,11,5,139.6952709,1.0000,0.1408,3,1.667,1,0,0.667
1395,377,5,55,2,24,26,12,1502.736727,0.4000,0.1120,0,0.667,0.667,0,0
1396,357,11,33,5,17,12,14,333.4071302,0.8182,0.2289,6,4,1.667,1.333,1
1397,598,17,83,3,47,58,1,4.73990982,0.9412,0.4968,4,4.667,2,1,1.667
1398,399,15,54,3,19,21,10,13.06421609,1.0000,0.3368,1,3.333,1.333,1,1
1399,64,3,4,3,0,5,0,0,0.6667,0.0564,2,1,0.667,0.333,0
1400,303,3,41,3,2,13,11,635.0133465,1.0000,0.1908,1,0.667,0.333,0,0.333
1401,79,3,14,3,0,12,4,2.362815623,1.0000,0.3920,1,1,0.667,0.333,0
1402,580,38,106,4,35,5,4,380.4494668,0.1579,0.4065,7,6.667,2.667,1.667,2.333
1403,470,14,60,4,24,12,10,263.468889,0.6429,0.1480,18,3.667,1.333,1.333,1
1404,325,15,87,2,30,39,13,703.2115123,0.7333,0.2023,27,3,1.333,0.667,1
1405,280,5,39,3,8,2,14,346.0662259,0.8000,0.1401,8,2.667,1,1,0.667
1406,117,7,15,2,6,5,3,12.7398625,0.4286,0.1921,3,2,1,0.333,0.667
1409,412,3,28,2,2,12,0,0,1.0000,0.3548,1,0.333,0,0,0.333
1410,600,16,199,3,86,80,65,4768.855172,1.0000,0.2025,15,5.333,2,1.333,2
1411,311,6,55,4,17,18,1,112.4838604,0.6667,0.1037,4,3.667,1,1.667,1
1412,398,10,41,3,13,17,0,0,1.0000,0.2041,5,4,1.333,1.333,1.333
1415,7,3,2,1,0,0,0,0,0.0000,0.0357,2,0,0,0,0
1416,407,9,67,3,20,30,9,127.94121,1.0000,0.4509,3,3,1,1,1
1417,123,10,36,6,9,12,3,175.016922,0.8000,0.8964,9,5,2,1.667,1.333
1420,437,55,73,5,56,24,5,60.46847391,0.8000,0.4677,48,5.667,2.667,1.333,1.667
1421,77,3,23,1,0,10,3,257.8644106,1.0000,0.1349,1,0.667,0,0.667,0
1422,571,26,107,6,48,34,36,240.6128746,1.0000,0.4237,21,6.667,2.667,2,2
1423,201,4,29,4,5,10,3,370.7769555,0.7500,0.1673,5,2.667,1,1.333,0.333
1424,286,8,40,3,11,6,4,96.70820709,1.0000,0.0968,6,3,1,1,1
1425,599,20,126,9,29,45,31,1567.336652,0.9000,0.4246,16,4,2,0.667,1.333
1426,382,10,34,5,9,11,11,817.2126691,0.6000,0.1830,6,3,1.333,0.667,1
1427,586,5,52,3,70,16,28,3536.128406,1.0000,0.3059,4,1.333,0.667,0,0.667
1428,58,4,12,2,4,6,3,162.6763645,1.0000,0.2134,1,1.333,0.333,1,0
1429,581,16,93,8,34,28,0,0,0.7500,0.6171,22,7.667,2.333,2.667,2.667
1430,270,14,61,4,11,44,7,355.42312,0.6429,0.2799,6,5.333,2,1.667,1.667
1431,391,13,82,6,21,32,7,319.7976585,1.0000,0.4458,4,4,1.667,1,1.333
1435,40,3,5,2,0,1,0,0,0.3333,0.0618,0,0.333,0,0.333,0
1437,392,12,91,4,10,41,13,218.9715918,1.0000,0.2573,16,3.667,1,1.333,1.333
1439,287,13,55,3,22,23,2,15.93755848,1.0000,0.3329,10,3,1,1,1
1440,594,11,140,2,43,23,34,1592.001658,0.9091,0.4821,2,3,1,1,1
1441,600,18,90,8,22,40,15,481.8013624,1.0000,0.5217,7,6,2.333,1.333,2.333
1443,600,22,108,3,48,92,17,1041.497563,1.0000,0.5149,42,4.667,1.667,1.333,1.667
1444,395,11,55,2,14,9,2,101.6065113,0.1818,0.1873,1,2.333,1,0.667,0.667
1445,600,10,69,3,13,43,13,678.5137015,0.8000,0.2904,7,3,1,1,1
1452,253,7,50,2,18,13,15,27.80598892,0.5714,0.0728,4,2,0.667,1,0.333
1455,121,6,19,5,3,3,0,0,0.5000,0.1257,3,3,1.333,0.667,1
1457,269,19,65,7,18,37,0,0,0.8947,0.6119,5,5.333,2,1.333,2
1468,231,9,37,5,8,10,22,948.2360779,1.0000,0.3641,5,3.333,1.333,1,1
1473,377,6,27,3,8,48,7,1.189874818,1.0000,0.1665,5,2.667,1,0.667,1
1476,523,7,107,6,19,47,0,0,1.0000,0.5494,1,2.333,1,0.333,1
1477,372,13,38,6,26,16,6,110.7174519,0.5385,0.3039,13,4,1.333,1.333,1.333
1479,271,5,57,2,6,19,0,0,0.2000,0.0918,0,1.667,0.667,1,0
1485,596,22,84,8,23,16,17,736.8833542,0.8182,0.5958,14,7.333,2.333,2.667,2.333
1488,206,6,28,2,13,14,6,128.4020888,0.6667,0.2210,2,1.667,1,0.333,0.333
1490,224,9,23,3,8,10,18,671.6286422,1.0000,0.1047,4,2.333,1,0.333,1
1492,222,3,16,2,0,3,12,173.9056068,1.0000,0.0837,1,0.667,0.333,0,0.333
1495,600,5,116,4,15,65,3,15.33926123,1.0000,0.2676,5,3,1,1,1
1496,569,3,65,3,4,19,19,643.2199203,1.0000,0.2228,4,2.333,0.667,1.333,0.333
1497,449,7,72,1,16,11,2,398.5768422,0.2857,0.2372,6,3.333,1,1.333,1
1499,584,24,98,6,26,27,6,59.0480528,0.6667,0.3288,27,6.333,2.333,2,2
1501,488,14,48,6,48,13,19,1061.094104,0.8571,0.2186,6,5,2,1.333,1.667
1502,427,16,77,5,38,38,20,984.6894389,0.8750,0.6229,19,4.667,1.667,1.667,1.333
1504,129,9,29,4,18,11,5,28.7843354,0.6667,0.2565,6,2.667,1,0.667,1
1505,240,5,34,2,2,12,9,100.5975528,1.0000,0.1240,2,2,1,0.667,0.333
1507,452,14,71,3,16,42,16,280.0902326,0.7857,0.0798,17,3.667,1,1.667,1
1508,386,13,56,7,17,31,0,0,0.6923,0.1914,7,4.667,2,1,1.667
1509,129,4,20,3,1,17,0,0,0.7500,0.0496,5,2,0.667,1,0.333
1510,34,3,6,1,0,6,0,0,1.0000,0.3038,2,2.333,0.667,1.333,0.333
1511,69,5,7,4,2,5,0,0,0.4000,0.2699,2,2,0.667,1,0.333
1515,178,3,20,2,3,16,7,29.34713958,1.0000,0.4480,0,0.667,0.333,0,0.333
1517,600,12,177,3,41,179,40,1096.399783,1.0000,0.1208,8,2.667,1,0.667,1
1518,339,8,64,4,11,13,9,126.5226459,0.6250,0.1518,5,3.333,1,1.333,1
1519,451,5,104,2,15,19,0,0,0.4000,0.3904,2,0.667,0.667,0,0
1523,417,4,92,1,26,17,17,840.3209414,0.0000,0.0433,2,4,1.667,1,1.333
1524,600,15,71,5,21,40,16,127.6931865,0.8000,0.1986,5,4.333,1.333,1,2
1525,338,9,40,7,6,14,26,1011.990941,0.8889,0.3303,4,5,1.333,1.667,2
1526,127,8,20,3,5,3,2,177.0966146,0.2500,0.1214,6,3.333,1,1,1.333
1527,153,14,27,1,11,3,8,777.6573232,0.5000,0.2468,11,4,1.333,1.333,1.333
1528,79,5,22,1,4,1,6,354.4524728,1.0000,0.1085,2,1,0.667,0.333,0
1530,288,8,33,2,18,9,9,20.08392176,0.6250,0.3533,4,3,1,1,1
1532,287,10,42,6,9,10,10,723.2056096,0.8000,0.1493,8,3,1.333,0.667,1
1534,366,9,50,4,19,23,10,486.5778819,1.0000,0.2191,4,4.333,1.333,1.667,1.333
1537,573,3,87,3,2,31,16,466.039447,1.0000,0.0822,2,1.667,0.667,0.667,0.333
1551,429,7,54,4,12,59,4,187.3232054,1.0000,0.2514,6,2.333,1,0.333,1
1559,593,17,89,7,23,30,20,812.3906818,0.5294,0.2147,8,5.333,2.333,1.333,1.667
1566,132,4,28,2,2,7,4,201.6150557,0.5000,0.5009,3,0,0,0,0
1569,158,5,14,3,3,1,1,0,0.2000,0.0569,2,1,0.667,0.333,0
1575,600,12,117,4,56,57,17,489.4443466,1.0000,0.5669,6,3,1,1,1
1576,309,12,47,5,9,41,7,52.01120171,1.0000,0.3453,5,3.667,1.333,1,1.333
1578,214,7,39,3,9,5,2,134.954227,0.5714,0.2683,3,2.667,1,0.667,1
1581,353,3,80,3,36,17,9,612.979545,1.0000,0.0585,2,2,0.667,1,0.333
1582,260,10,70,3,13,17,15,780.4664097,0.9000,0.4088,8,3.667,1,1.333,1.333
1583,600,11,137,6,74,35,3,404.1211177,0.4545,0.4540,3,4,1.333,1.333,1.333
1587,247,8,49,3,20,16,25,495.1348233,1.0000,0.0986,3,2.333,1,0.333,1
1589,267,9,40,8,41,9,9,542.4288963,0.8889,0.2374,1,4,1.333,1,1.667
1592,600,10,82,5,14,54,10,922.9221082,1.0000,0.3883,6,3.667,1.333,1,1.333
1594,78,4,17,2,4,7,3,2.013336775,0.2500,0.0560,0,0.667,0.667,0,0
1596,268,16,64,2,35,5,14,732.6896799,1.0000,0.2263,6,3,1.333,0.667,1
1600,600,7,77,3,20,35,7,16.00033389,1.0000,0.3432,4,3,1,1,1
1603,344,18,62,4,36,28,13,559.8727648,0.7778,0.3730,23,5,2,1.333,1.667
1610,346,9,69,8,12,21,3,59.13523717,0.5556,0.2244,4,3.333,1.333,0.667,1.333
1611,528,7,83,3,19,31,9,291.0774788,1.0000,0.1510,12,3.333,1,1.333,1
1614,483,5,64,3,27,17,14,13.93750458,1.0000,0.2831,2,2,1,0,1
1618,600,9,75,3,18,26,10,444.6742799,0.7778,0.4107,2,2,1,0,1
1619,379,6,50,4,5,34,10,209.1163632,1.0000,0.1637,3,2.667,1.333,0.333,1
1620,366,7,57,5,12,17,12,630.8305778,0.7143,0.5322,3,2.667,1.333,0.333,1
1621,384,11,64,3,10,52,1,7.118796077,0.4545,0.1187,4,3.333,1.333,1,1
1623,183,3,21,3,4,12,2,267.4912979,1.0000,0.1308,1,1.667,0.667,0.667,0.333
1626,65,5,12,2,2,7,0,0,0.6000,0.1145,6,1.667,0.667,0.333,0.667
1627,148,9,37,2,9,14,7,371.4912621,0.8889,0.3309,1,3.333,1,1.333,1
1628,340,3,50,3,2,23,31,1450.93335,1.0000,0.4788,2,0.667,0.333,0,0.333
1629,600,9,64,7,14,80,16,535.2227914,0.8889,0.4974,6,3,1.333,0.333,1.333
1630,359,11,49,2,12,19,19,837.9444031,0.8182,0.2013,11,4.333,1.333,1.333,1.667
1631,541,17,83,9,16,73,22,1332.813677,1.0000,0.3190,9,5.333,2,1.333,2
1632,221,8,42,7,15,26,0,0,1.0000,0.2893,13,3.333,1.333,1,1
1633,326,12,112,4,16,20,25,247.8206456,0.5000,0.2654,4,4,1.667,1.333,1
1634,64,3,16,1,0,0,0,0,0.0000,0.0181,2,0,0,0,0
1640,600,24,118,8,171,42,2,9.019570376,0.6250,1.0000,18,9,3,3,3
1641,599,14,90,4,18,61,12,432.9712506,0.7857,0.2437,8,3.333,1.333,1,1
1643,457,13,91,5,14,67,20,296.4863018,1.0000,0.3286,4,4,1.667,1,1.333
1645,192,5,47,4,2,9,1,46.60002946,0.8000,0.5772,2,2.333,1,0.333,1
1649,145,7,28,5,10,6,1,11.36565208,0.5714,0.0904,3,3.333,1.333,1,1
1650,495,20,73,5,23,46,7,709.2364639,1.0000,0.4426,7,6,2,1.667,2.333
1652,415,29,61,3,27,23,0,0,0.2414,0.4509,14,6.667,2.667,1.667,2.333
1656,580,13,67,4,13,78,17,876.4435037,1.0000,0.2870,8,2.667,1,0.667,1
1663,84,3,21,3,8,9,0,0,1.0000,0.4278,2,0.667,0.333,0,0.333
1667,304,5,67,2,30,6,14,143.5904777,0.8000,0.0747,2,2,0.667,0.667,0.667
1668,589,9,70,3,32,40,14,739.4185317,1.0000,0.2203,5,3.333,1,1.333,1
1669,252,10,56,3,11,37,4,8.034539357,1.0000,0.3021,6,3,1,1,1
1672,72,3,11,3,0,1,12,5.704223907,1.0000,0.0863,2,1.333,0.333,0.667,0.333
1673,598,23,96,8,37,56,22,1719.824551,0.7826,0.7250,19,7,2.333,2.333,2.333
1677,57,3,14,3,0,2,0,0,0.3333,0.0581,1,1.667,0.667,0.667,0.333
1678,205,8,29,4,17,18,0,0,0.6250,0.3763,7,3,1,1,1
1679,34,3,4,3,1,2,4,192.8098791,1.0000,0.2329,1,2,0.333,1,0.667
1680,466,16,80,7,21,23,11,11.14904381,0.8125,0.4543,4,5.333,2.333,1,2
1681,54,4,9,1,1,13,0,0,1.0000,0.1415,2,0.667,0,0.333,0.333
1682,202,7,42,3,9,10,16,441.5847411,1.0000,0.2585,9,2.333,1,0.333,1
1684,600,10,105,5,35,101,16,927.9983432,1.0000,0.0652,11,3,1.333,0.667,1
1685,437,12,82,6,44,27,33,1748.085218,0.6667,0.2211,11,4.333,1.667,1,1.667
1686,98,6,21,1,7,10,0,0,0.5000,0.1422,2,1,1,0,0
1687,310,8,42,2,15,22,21,31.60459777,1.0000,0.2446,6,3,1,1,1
1689,153,12,24,4,11,4,1,137.9784245,0.3333,0.1576,2,3.333,1,1.333,1
1692,512,15,77,3,19,19,18,247.3229704,0.9333,0.2442,9,2.667,1.333,0.333,1
1694,282,13,57,4,14,24,7,115.3519249,0.8462,0.3747,3,3,1,0.667,1.333
1695,490,12,106,4,15,20,14,462.3894493,1.0000,0.1461,4,2,1.333,0,0.667
1696,566,10,62,3,30,36,25,214.6472809,1.0000,0.1507,7,3,1,1,1
1697,522,7,71,5,14,21,0,0,0.8571,0.2395,2,4,1.333,1.667,1
1698,492,18,83,8,65,22,4,18.94749733,0.6111,0.2540,5,6.667,2.333,2.333,2
1699,600,13,66,3,53,14,26,804.4754066,0.9231,0.3557,22,3.667,1.667,1,1
1700,488,14,82,6,18,30,16,33.66817373,0.9286,0.3601,17,5,1.333,2,1.667
1702,330,12,56,3,19,66,0,0,0.9167,0.2018,10,3.667,1.333,1.333,1
1703,448,15,85,8,12,18,0,0,0.5333,0.6207,8,4,1.667,1.333,1
1705,92,5,16,4,4,6,4,2.928799702,0.8000,0.2181,3,2,1.333,0.333,0.333
1706,367,28,111,8,29,15,0,0,0.1786,0.0674,2,6,3,1.667,1.333
1707,318,11,51,4,12,49,5,470.8088732,0.9091,0.2337,9,3,1,1,1
1709,241,8,53,3,9,17,10,1253.772871,0.6250,0.2257,4,2.667,1,0.667,1
1710,209,8,32,2,8,12,3,8.239317318,0.8750,0.3261,6,2,1,0.333,0.667
1711,476,8,53,5,27,31,0,0,0.7500,0.2201,5,3.333,1,1.333,1
1712,600,8,141,3,28,23,6,717.3082082,0.8750,0.0712,2,2.667,1,0.667,1
1713,271,7,36,3,5,31,10,196.264501,1.0000,0.2637,1,3,1,1,1
1714,600,26,66,5,31,20,14,618.2993076,0.9231,0.5128,13,7,2.667,2,2.333
1715,562,26,93,8,23,59,12,81.5763201,0.8077,0.4708,15,7.333,3,2,2.333
1717,201,8,21,4,13,5,2,176.4189753,0.7500,0.2205,3,3.333,1,1.333,1
1718,333,13,47,5,12,15,16,786.8747453,0.7692,0.1241,7,3.333,1.333,1,1
1722,286,10,37,6,18,1,7,167.2864703,0.6000,0.1090,6,4.333,1.667,1.333,1.333
1724,129,3,27,3,0,9,1,0,1.0000,0.2278,1,2.333,0.667,1.333,0.333
1728,599,18,105,9,22,54,22,1347.102342,0.9444,0.3969,19,7,2.333,2.333,2.333
1729,381,13,57,3,56,21,15,1291.030739,0.6923,0.2696,19,2.667,1,0.667,1
1730,306,3,17,3,0,10,0,0,0.6667,0.4427,1,0.667,0.333,0,0.333
1732,423,15,93,5,26,29,22,317.5554629,0.7333,0.6429,13,4.667,1.667,1.667,1.333
1733,77,7,23,2,6,13,2,116.7484416,1.0000,0.1446,6,2.333,1,0.667,0.667
1734,555,9,64,4,15,16,17,311.3515216,0.7778,0.0911,6,2.667,1,0.667,1
1736,348,10,53,8,9,42,18,2212.986143,1.0000,0.1161,3,5,1.667,2,1.333
1737,401,10,84,6,33,34,3,18.74801557,0.6000,0.1289,2,4.333,1.333,1.667,1.333
1739,360,10,49,5,16,14,16,535.6603824,1.0000,0.2054,17,3,1.333,0.667,1
1742,440,16,97,9,28,54,11,979.6197112,1.0000,0.3396,11,6.333,2.333,1.667,2.333
1745,472,5,75,4,4,37,0,0,1.0000,0.2835,1,2.333,1.333,0.333,0.667
1746,304,13,63,4,12,21,6,432.4394205,0.7692,0.2550,3,2.667,1,0.667,1
1748,94,8,26,1,7,8,5,123.4109937,0.5000,0.1939,5,2.333,1,0.333,1
1749,400,32,70,5,29,4,1,0,0.0938,0.1719,21,5.333,2.667,2,0.667
1750,184,5,26,4,7,7,0,0,0.6000,0.0278,3,3.333,1.667,0.667,1
1752,596,19,110,4,30,65,6,306.2606001,0.8947,0.2204,30,4.333,2,1,1.333
1755,510,11,77,4,24,41,10,1474.43526,0.5455,0.3268,11,4.333,1.667,1.333,1.333
1758,578,14,54,5,28,39,5,11.53887409,0.6429,0.1740,6,3.667,1.333,1,1.333
1759,400,7,61,4,12,30,9,365.2931933,0.8571,0.1345,1,3,1.333,0.667,1
1760,136,9,33,1,6,10,0,0,0.3333,0.1965,7,2.333,1,0.667,0.667
1762,66,3,12,1,0,3,0,0,0.6667,0.0755,4,0.667,0,0.667,0
1763,600,22,77,9,33,53,7,534.7732401,0.3636,0.4704,19,5,2.333,1,1.667
1765,394,10,42,2,20,18,17,1135.072759,0.4000,0.2516,4,3.333,1,1.333,1
